Fecha;VLP
01/01/2018;98,921245
02/01/2018;98,94785
03/01/2018;99,027256
04/01/2018;99,075056
05/01/2018;99,118364
06/01/2018;99,115192
07/01/2018;99,11202
08/01/2018;99,171943
09/01/2018;99,210148
10/01/2018;99,175341
11/01/2018;99,199243
12/01/2018;99,247623
13/01/2018;99,244743
14/01/2018;99,241867
15/01/2018;99,247762
16/01/2018;99,277259
17/01/2018;99,257297
18/01/2018;99,229739
19/01/2018;99,241136
20/01/2018;99,238435
21/01/2018;99,235735
22/01/2018;99,258643
23/01/2018;99,280907
24/01/2018;99,249815
25/01/2018;99,190536
26/01/2018;99,242635
27/01/2018;99,240014
28/01/2018;99,237394
29/01/2018;99,199085
30/01/2018;99,104223
31/01/2018;99,079718
01/02/2018;99,080262
02/02/2018;98,95788
03/02/2018;98,955356
04/02/2018;98,952832
05/02/2018;98,759518
06/02/2018;98,591787
07/02/2018;98,669894
08/02/2018;98,510903
09/02/2018;98,399305
10/02/2018;98,396877
11/02/2018;98,394449
12/02/2018;98,403042
13/02/2018;98,346465
14/02/2018;98,337642
15/02/2018;98,400498
16/02/2018;98,475189
17/02/2018;98,472769
18/02/2018;98,470349
19/02/2018;98,476394
20/02/2018;98,44429
21/02/2018;98,443421
22/02/2018;98,39107
23/02/2018;98,400271
24/02/2018;98,397867
25/02/2018;98,395463
26/02/2018;98,401806
27/02/2018;98,40146
28/02/2018;98,370325
01/03/2018;98,245982
02/03/2018;98,152074
03/03/2018;98,173852
04/03/2018;98,171463
05/03/2018;98,14798
06/03/2018;98,237296
07/03/2018;98,241
08/03/2018;98,265931
09/03/2018;98,309119
10/03/2018;98,306735
11/03/2018;98,304352
12/03/2018;98,278446
13/03/2018;98,245632
14/03/2018;98,217799
15/03/2018;98,228433
16/03/2018;98,210208
17/03/2018;98,20784
18/03/2018;98,205471
19/03/2018;98,199966
20/03/2018;98,149823
21/03/2018;98,135525
22/03/2018;98,021306
23/03/2018;97,910245
24/03/2018;97,907893
25/03/2018;97,905542
26/03/2018;97,913401
27/03/2018;97,949524
28/03/2018;97,968345
29/03/2018;97,983859
30/03/2018;97,981525
31/03/2018;97,979192
01/04/2018;97,976858
02/04/2018;97,967963
03/04/2018;97,971311
04/04/2018;97,928241
05/04/2018;98,084968
06/04/2018;98,051791
07/04/2018;98,04517
08/04/2018;98,038549
09/04/2018;98,007447
10/04/2018;98,062586
11/04/2018;98,098798
12/04/2018;98,119127
13/04/2018;98,141851
14/04/2018;98,139575
15/04/2018;98,137299
16/04/2018;98,114174
17/04/2018;98,128464
18/04/2018;98,200574
19/04/2018;98,207771
20/04/2018;98,171654
21/04/2018;98,169403
22/04/2018;98,167152
23/04/2018;98,132664
24/04/2018;98,054255
25/04/2018;98,02082
26/04/2018;98,052056
27/04/2018;98,092039
28/04/2018;98,089795
29/04/2018;98,087552
30/04/2018;98,105078
01/05/2018;98,107549
02/05/2018;98,123601
03/05/2018;98,045742
04/05/2018;98,009973
05/05/2018;98,007743
06/05/2018;98,005513
07/05/2018;97,987882
08/05/2018;97,97023
09/05/2018;97,971603
10/05/2018;97,988397
11/05/2018;98,014597
12/05/2018;98,01237
13/05/2018;98,010143
14/05/2018;97,960308
15/05/2018;97,986892
16/05/2018;97,98005
17/05/2018;97,977908
18/05/2018;97,890299
19/05/2018;97,888056
20/05/2018;97,885827
21/05/2018;97,88205
22/05/2018;97,900298
23/05/2018;97,871051
24/05/2018;97,830326
25/05/2018;97,800556
26/05/2018;97,798435
27/05/2018;97,796313
28/05/2018;97,774408
29/05/2018;97,523781
30/05/2018;97,488761
31/05/2018;97,541032
01/06/2018;97,589438
02/06/2018;97,587275
03/06/2018;97,585154
04/06/2018;97,593924
05/06/2018;97,63608
06/06/2018;97,613405
07/06/2018;97,609896
08/06/2018;97,5791
09/06/2018;97,576972
10/06/2018;97,574844
11/06/2018;97,591548
12/06/2018;97,56471
13/06/2018;97,587308
14/06/2018;97,581967
15/06/2018;97,542237
16/06/2018;97,540118
17/06/2018;97,538023
18/06/2018;97,524172
19/06/2018;97,466914
20/06/2018;97,482941
21/06/2018;97,455251
22/06/2018;97,456131
23/06/2018;97,453996
24/06/2018;97,451909
25/06/2018;97,426698
26/06/2018;97,34711
27/06/2018;97,31918
28/06/2018;97,267493
29/06/2018;97,3082
30/06/2018;97,30612
01/07/2018;97,304042
02/07/2018;97,212365
03/07/2018;97,206893
04/07/2018;97,213792
05/07/2018;97,215546
06/07/2018;97,251606
07/07/2018;97,249524
08/07/2018;97,247442
09/07/2018;97,307037
10/07/2018;97,28965
11/07/2018;97,231749
12/07/2018;97,26749
13/07/2018;97,304739
14/07/2018;97,302648
15/07/2018;97,300558
16/07/2018;97,328744
17/07/2018;97,291666
18/07/2018;97,216325
19/07/2018;97,159457
20/07/2018;97,159606
21/07/2018;97,157529
22/07/2018;97,155452
23/07/2018;97,119173
24/07/2018;97,139795
25/07/2018;97,213423
26/07/2018;97,24384
27/07/2018;97,282874
28/07/2018;97,280789
29/07/2018;97,278706
30/07/2018;97,30197
31/07/2018;97,324256
01/08/2018;97,311499
02/08/2018;97,264109
03/08/2018;97,278555
04/08/2018;97,276468
05/08/2018;97,274383
06/08/2018;97,27676
07/08/2018;97,240628
08/08/2018;97,250676
09/08/2018;97,147327
10/08/2018;97,136286
11/08/2018;97,134207
12/08/2018;97,132128
13/08/2018;97,039738
14/08/2018;97,030046
15/08/2018;97,035354
16/08/2018;97,01658
17/08/2018;97,005378
18/08/2018;97,003298
19/08/2018;97,001218
20/08/2018;96,978634
21/08/2018;96,999532
22/08/2018;97,02232
23/08/2018;97,02739
24/08/2018;97,013069
25/08/2018;97,010986
26/08/2018;97,008904
27/08/2018;96,978887
28/08/2018;96,958717
29/08/2018;96,965696
30/08/2018;96,913246
31/08/2018;96,913925
01/09/2018;96,911843
02/09/2018;96,909763
03/09/2018;96,868449
04/09/2018;96,86114
05/09/2018;96,82571
06/09/2018;96,810797
07/09/2018;96,774287
08/09/2018;96,772217
09/09/2018;96,770148
10/09/2018;96,765853
11/09/2018;96,767667
12/09/2018;96,793805
13/09/2018;96,815664
14/09/2018;96,815536
15/09/2018;96,813467
16/09/2018;96,811399
17/09/2018;96,847735
18/09/2018;96,876347
19/09/2018;96,890179
20/09/2018;96,925777
21/09/2018;96,920478
22/09/2018;96,918401
23/09/2018;96,916319
24/09/2018;96,89682
25/09/2018;96,89026
26/09/2018;96,921938
27/09/2018;96,918177
28/09/2018;96,91893
29/09/2018;96,916841
30/09/2018;96,914756
01/10/2018;96,896219
02/10/2018;96,855761
03/10/2018;96,844895
04/10/2018;96,784473
05/10/2018;96,754547
06/10/2018;96,752083
07/10/2018;96,749619
08/10/2018;96,679061
09/10/2018;96,602717
10/10/2018;96,588127
11/10/2018;96,490523
12/10/2018;96,5531
13/10/2018;96,551032
14/10/2018;96,548965
15/10/2018;96,509897
16/10/2018;96,543745
17/10/2018;96,54395
18/10/2018;96,478149
19/10/2018;96,323229
20/10/2018;96,321165
21/10/2018;96,319101
22/10/2018;96,297981
23/10/2018;96,163086
24/10/2018;96,056114
25/10/2018;96,034143
26/10/2018;96,038467
27/10/2018;96,036413
28/10/2018;96,034365
29/10/2018;96,00481
30/10/2018;96,019993
31/10/2018;96,096956
01/11/2018;96,115288
02/11/2018;96,240195
03/11/2018;96,238136
04/11/2018;96,236082
05/11/2018;96,200298
06/11/2018;96,159416
07/11/2018;96,261104
08/11/2018;96,226085
09/11/2018;96,159492
10/11/2018;96,157434
11/11/2018;96,155375
12/11/2018;96,033978
13/11/2018;95,967179
14/11/2018;95,926232
15/11/2018;95,825305
16/11/2018;95,722772
17/11/2018;95,72072
18/11/2018;95,718668
19/11/2018;95,612273
20/11/2018;95,469644
21/11/2018;95,460667
22/11/2018;95,497149
23/11/2018;95,51107
24/11/2018;95,508969
25/11/2018;95,506868
26/11/2018;95,548365
27/11/2018;95,518676
28/11/2018;95,522717
29/11/2018;95,532094
30/11/2018;95,51374
01/12/2018;95,511643
02/12/2018;95,509546
03/12/2018;95,504645
04/12/2018;95,412303
05/12/2018;95,348858
06/12/2018;95,29768
07/12/2018;95,247017
08/12/2018;95,244925
09/12/2018;95,242834
10/12/2018;95,218754
11/12/2018;95,178961
12/12/2018;95,289426
13/12/2018;95,334199
14/12/2018;95,314387
15/12/2018;95,312297
16/12/2018;95,310207
17/12/2018;95,293039
18/12/2018;95,24116
19/12/2018;95,185325
20/12/2018;95,062982
21/12/2018;94,980676
22/12/2018;94,978554
23/12/2018;94,97643
24/12/2018;94,945357
25/12/2018;94,948525
26/12/2018;95,009541
27/12/2018;95,016293
28/12/2018;95,056007
29/12/2018;95,054553
30/12/2018;95,052461
31/12/2018;95,123046
01/01/2019;95,12061
02/01/2019;95,139349
03/01/2019;94,920403
04/01/2019;95,109034
05/01/2019;95,106944
06/01/2019;95,104853
07/01/2019;95,179664
08/01/2019;95,280187
09/01/2019;95,364757
10/01/2019;95,395698
11/01/2019;95,457472
12/01/2019;95,455373
13/01/2019;95,453273
14/01/2019;95,46235
15/01/2019;95,553609
16/01/2019;95,656642
17/01/2019;95,693489
18/01/2019;95,87722
19/01/2019;95,875111
20/01/2019;95,873002
21/01/2019;95,93213
22/01/2019;95,907605
23/01/2019;95,876752
24/01/2019;95,948173
25/01/2019;95,945095
26/01/2019;95,942984
27/01/2019;95,940874
28/01/2019;95,931692
29/01/2019;95,973319
30/01/2019;95,976449
31/01/2019;96,06697
01/02/2019;96,100723
02/02/2019;96,098608
03/02/2019;96,096493
04/02/2019;96,110153
05/02/2019;96,170248
06/02/2019;96,229039
07/02/2019;96,23092
08/02/2019;96,200413
09/02/2019;96,198152
10/02/2019;96,195892
11/02/2019;96,173975
12/02/2019;96,172118
13/02/2019;96,27504
14/02/2019;96,298211
15/02/2019;96,383955
16/02/2019;96,381835
17/02/2019;96,379716
18/02/2019;96,386684
19/02/2019;96,397896
20/02/2019;96,403762
21/02/2019;96,409631
22/02/2019;96,405503
23/02/2019;96,403383
24/02/2019;96,401263
25/02/2019;96,404689
26/02/2019;96,379461
27/02/2019;96,459733
28/02/2019;96,478201
01/03/2019;96,526451
02/03/2019;96,524323
03/03/2019;96,522195
04/03/2019;96,500998
05/03/2019;96,51422
06/03/2019;96,459567
07/03/2019;96,490923
08/03/2019;96,41512
09/03/2019;96,412991
10/03/2019;96,410863
11/03/2019;96,450138
12/03/2019;96,443986
13/03/2019;96,506684
14/03/2019;96,560529
15/03/2019;96,570726
16/03/2019;96,5686
17/03/2019;96,566475
18/03/2019;96,563907
19/03/2019;96,529226
20/03/2019;96,51446
21/03/2019;96,497292
22/03/2019;96,38879
23/03/2019;96,386642
24/03/2019;96,384493
25/03/2019;96,301765
26/03/2019;96,35089
27/03/2019;96,350741
28/03/2019;96,395642
29/03/2019;96,460017
30/03/2019;96,457793
31/03/2019;96,455571
01/04/2019;96,56405
02/04/2019;96,607635
03/04/2019;96,641989
04/04/2019;96,675695
05/04/2019;96,7185
06/04/2019;96,716271
07/04/2019;96,714042
08/04/2019;96,72298
09/04/2019;96,693988
10/04/2019;96,712129
11/04/2019;96,717416
12/04/2019;96,763296
13/04/2019;96,761134
14/04/2019;96,758973
15/04/2019;96,794291
16/04/2019;96,805319
17/04/2019;96,741057
18/04/2019;96,810936
19/04/2019;96,808766
20/04/2019;96,806598
21/04/2019;96,80443
22/04/2019;96,782556
23/04/2019;96,910832
24/04/2019;97,009809
25/04/2019;96,999505
26/04/2019;97,007539
27/04/2019;97,005361
28/04/2019;97,003185
29/04/2019;97,020984
30/04/2019;97,052349
01/05/2019;97,013071
02/05/2019;97,024829
03/05/2019;97,01641
04/05/2019;97,014229
05/05/2019;97,012048
06/05/2019;97,004542
07/05/2019;96,890059
08/05/2019;96,806995
09/05/2019;96,758315
10/05/2019;96,769897
11/05/2019;96,767714
12/05/2019;96,765533
13/05/2019;96,645755
14/05/2019;96,663851
15/05/2019;96,686059
16/05/2019;96,744827
17/05/2019;96,702835
18/05/2019;96,700647
19/05/2019;96,698461
20/05/2019;96,689408
21/05/2019;96,688055
22/05/2019;96,636647
23/05/2019;96,498732
24/05/2019;96,514884
25/05/2019;96,512643
26/05/2019;96,510499
27/05/2019;96,5055
28/05/2019;96,460743
29/05/2019;96,392627
30/05/2019;96,434172
31/05/2019;96,383111
01/06/2019;96,381175
02/06/2019;96,379015
03/06/2019;96,307315
04/06/2019;96,395759
05/06/2019;96,492777
06/06/2019;96,461679
07/06/2019;96,541066
08/06/2019;96,5389
09/06/2019;96,536739
10/06/2019;96,575353
11/06/2019;96,601561
12/06/2019;96,617398
13/06/2019;96,615363
14/06/2019;96,610475
15/06/2019;96,60833
16/06/2019;96,606185
17/06/2019;96,610264
18/06/2019;96,744821
19/06/2019;96,85411
20/06/2019;96,933206
21/06/2019;96,848893
22/06/2019;96,846725
23/06/2019;96,844556
24/06/2019;96,781789
25/06/2019;96,798134
26/06/2019;96,770735
27/06/2019;96,762943
28/06/2019;96,846138
29/06/2019;96,843955
30/06/2019;96,84178
01/07/2019;97,013777
02/07/2019;97,040747
03/07/2019;97,141352
04/07/2019;97,150679
05/07/2019;97,129041
06/07/2019;97,126838
07/07/2019;97,124636
08/07/2019;97,061025
09/07/2019;97,021088
10/07/2019;96,972661
11/07/2019;97,000535
12/07/2019;96,981428
13/07/2019;96,979244
14/07/2019;96,977061
15/07/2019;96,982204
16/07/2019;97,013438
17/07/2019;96,981285
18/07/2019;96,991215
19/07/2019;97,028681
20/07/2019;97,026487
21/07/2019;97,024293
22/07/2019;97,000119
23/07/2019;97,094914
24/07/2019;97,15129
25/07/2019;97,163097
26/07/2019;97,265228
27/07/2019;97,26304
28/07/2019;97,260852
29/07/2019;97,229038
30/07/2019;97,17266
31/07/2019;97,227563
01/08/2019;97,259094
02/08/2019;97,173385
03/08/2019;97,17119
04/08/2019;97,168995
05/08/2019;96,920069
06/08/2019;96,840995
07/08/2019;96,919711
08/08/2019;96,995496
09/08/2019;96,967616
10/08/2019;96,965434
11/08/2019;96,963252
12/08/2019;96,807159
13/08/2019;96,874
14/08/2019;96,75966
15/08/2019;96,81399
16/08/2019;96,876574
17/08/2019;96,874403
18/08/2019;96,872233
19/08/2019;96,917383
20/08/2019;96,857246
21/08/2019;96,956919
22/08/2019;97,047599
23/08/2019;96,880945
24/08/2019;96,878774
25/08/2019;96,876603
26/08/2019;96,944397
27/08/2019;96,962177
28/08/2019;97,018537
29/08/2019;97,067599
30/08/2019;97,133864
31/08/2019;97,131686
01/09/2019;97,129728
02/09/2019;97,174978
03/09/2019;97,10715
04/09/2019;97,115003
05/09/2019;97,190954
06/09/2019;97,237233
07/09/2019;97,235029
08/09/2019;97,232826
09/09/2019;97,115556
10/09/2019;96,996951
11/09/2019;97,078364
12/09/2019;97,064287
13/09/2019;97,060762
14/09/2019;97,05855
15/09/2019;97,056341
16/09/2019;97,049339
17/09/2019;97,031569
18/09/2019;97,084148
19/09/2019;97,066642
20/09/2019;97,095615
21/09/2019;97,093395
22/09/2019;97,091177
23/09/2019;97,093277
24/09/2019;97,017376
25/09/2019;97,045808
26/09/2019;97,063071
27/09/2019;96,980385
28/09/2019;96,978162
29/09/2019;96,975942
30/09/2019;97,040938
01/10/2019;96,944533
02/10/2019;96,766481
03/10/2019;96,808862
04/10/2019;96,841934
05/10/2019;96,839711
06/10/2019;96,837491
07/10/2019;96,83003
08/10/2019;96,730604
09/10/2019;96,766219
10/10/2019;96,685073
11/10/2019;96,687718
12/10/2019;96,685482
13/10/2019;96,683248
14/10/2019;96,701816
15/10/2019;96,765355
16/10/2019;96,705395
17/10/2019;96,671571
18/10/2019;96,602689
19/10/2019;96,600459
20/10/2019;96,598228
21/10/2019;96,592307
22/10/2019;96,5744
23/10/2019;96,531691
24/10/2019;96,675556
25/10/2019;96,730971
26/10/2019;96,728792
27/10/2019;96,726614
28/10/2019;96,68577
29/10/2019;96,700139
30/10/2019;96,74665
31/10/2019;96,618765
01/11/2019;96,682542
02/11/2019;96,590372
03/11/2019;96,588204
04/11/2019;96,698645
05/11/2019;96,759304
06/11/2019;96,806812
07/11/2019;96,791473
08/11/2019;96,885525
09/11/2019;96,883318
10/11/2019;96,881114
11/11/2019;96,819694
12/11/2019;96,926872
13/11/2019;96,934432
14/11/2019;96,893917
15/11/2019;96,92718
16/11/2019;96,924953
17/11/2019;96,922728
18/11/2019;96,903324
19/11/2019;96,920394
20/11/2019;96,876937
21/11/2019;96,776925
22/11/2019;96,844667
23/11/2019;96,842423
24/11/2019;96,840183
25/11/2019;97,000048
26/11/2019;97,05759
27/11/2019;97,147143
28/11/2019;97,126141
29/11/2019;97,058906
30/11/2019;97,056674
01/12/2019;97,054476
02/12/2019;96,771766
03/12/2019;96,757666
04/12/2019;96,774141
05/12/2019;96,711665
06/12/2019;96,886333
07/12/2019;96,884062
08/12/2019;96,881793
09/12/2019;96,834585
10/12/2019;96,749517
11/12/2019;96,762662
12/12/2019;96,823005
13/12/2019;97,05499
14/12/2019;97,052723
15/12/2019;97,050465
16/12/2019;97,132725
17/12/2019;97,119295
18/12/2019;97,146142
19/12/2019;97,184256
20/12/2019;97,367935
21/12/2019;97,365706
22/12/2019;97,363482
23/12/2019;97,325315
24/12/2019;97,383263
25/12/2019;97,38104
26/12/2019;97,342535
27/12/2019;97,196565
28/12/2019;97,194348
29/12/2019;97,192128
30/12/2019;97,078693
31/12/2019;97,043349
01/01/2020;97,041126
02/01/2020;97,269678
03/01/2020;97,259295
04/01/2020;97,25707
05/01/2020;97,254846
06/01/2020;97,161435
07/01/2020;97,281698
08/01/2020;97,385969
09/01/2020;97,548494
10/01/2020;97,518392
11/01/2020;97,516151
12/01/2020;97,51391
13/01/2020;97,565338
14/01/2020;97,596783
15/01/2020;97,650752
16/01/2020;97,765827
17/01/2020;97,991008
18/01/2020;97,988733
19/01/2020;97,986459
20/01/2020;97,993948
21/01/2020;97,983618
22/01/2020;98,047608
23/01/2020;98,085243
24/01/2020;98,117163
25/01/2020;98,114731
26/01/2020;98,1123
27/01/2020;97,908275
28/01/2020;98,008595
29/01/2020;98,069926
30/01/2020;97,945476
31/01/2020;97,661169
01/02/2020;97,658667
02/02/2020;97,656394
03/02/2020;97,81348
04/02/2020;98,027972
05/02/2020;98,153437
06/02/2020;98,237156
07/02/2020;98,208802
08/02/2020;98,206515
09/02/2020;98,204228
10/02/2020;98,318522
11/02/2020;98,416041
12/02/2020;98,541236
13/02/2020;98,60291
14/02/2020;98,707562
15/02/2020;98,705281
16/02/2020;98,703002
17/02/2020;98,718025
18/02/2020;98,780398
19/02/2020;98,887973
20/02/2020;98,876356
21/02/2020;98,712815
22/02/2020;98,710518
23/02/2020;98,708221
24/02/2020;98,38251
25/02/2020;98,080783
26/02/2020;97,941852
27/02/2020;97,341319
28/02/2020;96,929823
29/02/2020;96,927584
01/03/2020;96,925344
02/03/2020;96,996839
03/03/2020;97,011679
04/03/2020;97,430384
05/03/2020;96,858589
06/03/2020;96,19308
07/03/2020;96,190865
08/03/2020;96,188645
09/03/2020;94,461648
10/03/2020;95,012582
11/03/2020;94,507145
12/03/2020;92,999459
13/03/2020;93,271013
14/03/2020;93,268896
15/03/2020;93,266771
16/03/2020;91,200617
17/03/2020;91,223698
18/03/2020;89,325806
19/03/2020;89,428598
20/03/2020;89,259004
21/03/2020;89,256978
22/03/2020;89,254949
23/03/2020;88,407374
24/03/2020;89,205893
25/03/2020;89,91772
26/03/2020;90,282371
27/03/2020;90,240832
28/03/2020;90,238728
29/03/2020;90,236624
30/03/2020;90,515093
31/03/2020;90,639873
01/04/2020;90,587585
02/04/2020;90,665858
03/04/2020;90,582262
04/04/2020;90,580149
05/04/2020;90,578036
06/04/2020;91,081124
07/04/2020;91,202026
08/04/2020;91,521605
09/04/2020;91,881807
10/04/2020;91,879661
11/04/2020;91,877518
12/04/2020;91,875376
13/04/2020;91,806852
14/04/2020;92,299171
15/04/2020;92,266568
16/04/2020;92,321756
17/04/2020;92,65466
18/04/2020;92,652467
19/04/2020;92,650279
20/04/2020;92,554634
21/04/2020;92,235363
22/04/2020;92,406815
23/04/2020;92,563865
24/04/2020;92,561426
25/04/2020;92,559239
26/04/2020;92,557051
27/04/2020;92,744873
28/04/2020;92,867601
29/04/2020;93,08164
30/04/2020;92,971029
01/05/2020;92,90837
02/05/2020;92,906174
03/05/2020;92,903977
04/05/2020;92,788969
05/05/2020;92,986643
06/05/2020;93,082788
07/05/2020;93,179877
08/05/2020;93,20705
09/05/2020;93,204844
10/05/2020;93,202638
11/05/2020;93,227188
12/05/2020;93,090209
13/05/2020;92,978237
14/05/2020;92,918204
15/05/2020;93,004549
16/05/2020;93,002342
17/05/2020;93,000137
18/05/2020;93,125898
19/05/2020;93,140444
20/05/2020;93,196757
21/05/2020;93,207777
22/05/2020;93,354935
23/05/2020;93,352715
24/05/2020;93,350498
25/05/2020;93,371027
26/05/2020;93,440605
27/05/2020;93,541602
28/05/2020;93,586642
29/05/2020;93,569816
30/05/2020;93,567588
31/05/2020;93,565362
01/06/2020;93,548321
02/06/2020;93,681008
03/06/2020;93,862752
04/06/2020;93,810624
05/06/2020;94,164154
06/06/2020;94,1619
07/06/2020;94,159653
08/06/2020;94,264364
09/06/2020;94,087098
10/06/2020;93,949033
11/06/2020;93,464434
12/06/2020;93,676441
13/06/2020;93,674234
14/06/2020;93,672033
15/06/2020;93,508338
16/06/2020;93,964047
17/06/2020;94,01138
18/06/2020;94,053509
19/06/2020;94,094957
20/06/2020;94,092737
21/06/2020;94,09052
22/06/2020;94,018753
23/06/2020;94,008861
24/06/2020;93,735804
25/06/2020;93,875145
26/06/2020;93,767618
27/06/2020;93,765402
28/06/2020;93,763186
29/06/2020;93,761283
30/06/2020;93,820698
01/07/2020;93,898213
02/07/2020;94,055419
03/07/2020;94,065938
04/07/2020;94,063714
05/07/2020;94,06149
06/07/2020;94,140399
07/07/2020;94,202508
08/07/2020;94,180463
09/07/2020;94,226761
10/07/2020;94,218841
11/07/2020;94,216609
12/07/2020;94,214377
13/07/2020;94,118895
14/07/2020;94,084802
15/07/2020;94,238408
16/07/2020;94,246147
17/07/2020;94,276057
18/07/2020;94,273821
19/07/2020;94,271584
20/07/2020;94,357963
21/07/2020;94,371601
22/07/2020;94,319459
23/07/2020;94,319473
24/07/2020;94,226647
25/07/2020;94,224367
26/07/2020;94,222086
27/07/2020;94,199282
28/07/2020;94,172515
29/07/2020;94,206204
30/07/2020;94,019578
31/07/2020;94,067017
01/08/2020;94,064807
02/08/2020;94,062528
03/08/2020;94,189869
04/08/2020;94,195115
05/08/2020;94,23201
06/08/2020;94,261844
07/08/2020;94,341307
08/08/2020;94,33902
09/08/2020;94,336734
10/08/2020;94,354082
11/08/2020;94,36955
12/08/2020;94,408661
13/08/2020;94,407911
14/08/2020;94,297071
15/08/2020;94,294786
16/08/2020;94,292501
17/08/2020;94,271424
18/08/2020;94,251148
19/08/2020;94,31887
20/08/2020;94,266246
21/08/2020;94,355984
22/08/2020;94,353696
23/08/2020;94,351409
24/08/2020;94,442598
25/08/2020;94,472237
26/08/2020;94,603844
27/08/2020;94,596469
28/08/2020;94,575803
29/08/2020;94,573557
30/08/2020;94,571311
31/08/2020;94,459773
01/09/2020;94,579585
02/09/2020;94,770562
03/09/2020;94,560512
04/09/2020;94,42419
05/09/2020;94,421909
06/09/2020;94,419627
07/09/2020;94,457776
08/09/2020;94,300449
09/09/2020;94,451604
10/09/2020;94,415551
11/09/2020;94,42731
12/09/2020;94,42502
13/09/2020;94,422731
14/09/2020;94,494166
15/09/2020;94,622839
16/09/2020;94,682861
17/09/2020;94,545904
18/09/2020;94,501393
19/09/2020;94,499099
20/09/2020;94,496804
21/09/2020;94,32707
22/09/2020;94,458907
23/09/2020;94,405787
24/09/2020;94,314618
25/09/2020;94,377692
26/09/2020;94,375455
27/09/2020;94,373219
28/09/2020;94,479293
29/09/2020;94,437186
30/09/2020;94,56131
01/10/2020;94,662431
02/10/2020;94,645921
03/10/2020;94,643673
04/10/2020;94,641426
05/10/2020;94,719077
06/10/2020;94,749732
07/10/2020;94,900362
08/10/2020;95,032744
09/10/2020;95,094199
10/10/2020;95,091939
11/10/2020;95,089679
12/10/2020;95,158902
13/10/2020;95,203491
14/10/2020;95,187003
15/10/2020;95,049205
16/10/2020;95,127768
17/10/2020;95,125504
18/10/2020;95,123242
19/10/2020;94,959803
20/10/2020;94,984771
21/10/2020;94,911396
22/10/2020;94,918075
23/10/2020;94,967963
24/10/2020;94,965696
25/10/2020;94,963431
26/10/2020;94,734644
27/10/2020;94,755064
28/10/2020;94,414576
29/10/2020;94,593437
30/10/2020;94,541387
31/10/2020;94,539128
01/11/2020;94,536877
02/11/2020;94,765443
03/11/2020;94,941957
04/11/2020;95,256339
05/11/2020;95,471008
06/11/2020;95,462899
07/11/2020;95,460615
08/11/2020;95,458332
09/11/2020;95,733214
10/11/2020;95,730367
11/11/2020;95,919841
12/11/2020;95,826327
13/11/2020;95,898455
14/11/2020;95,896102
15/11/2020;95,893751
16/11/2020;95,992737
17/11/2020;95,978507
18/11/2020;96,029688
19/11/2020;96,064595
20/11/2020;96,100897
21/11/2020;96,098604
22/11/2020;96,096313
23/11/2020;96,215904
24/11/2020;96,340204
25/11/2020;96,322829
26/11/2020;96,321467
27/11/2020;96,365793
28/11/2020;96,363483
29/11/2020;96,361177
30/11/2020;96,233803
01/12/2020;96,262921
02/12/2020;96,182359
03/12/2020;96,193769
04/12/2020;96,333913
05/12/2020;96,331595
06/12/2020;96,329281
07/12/2020;96,360263
08/12/2020;96,411213
09/12/2020;96,359602
10/12/2020;96,273024
11/12/2020;96,270785
12/12/2020;96,268489
13/12/2020;96,266194
14/12/2020;96,202563
15/12/2020;96,279011
16/12/2020;96,366667
17/12/2020;96,412237
18/12/2020;96,437342
19/12/2020;96,435033
20/12/2020;96,432726
21/12/2020;96,257442
22/12/2020;96,422175
23/12/2020;96,544181
24/12/2020;96,539629
25/12/2020;96,537341
26/12/2020;96,535052
27/12/2020;96,532764
28/12/2020;96,501982
29/12/2020;96,511994
30/12/2020;96,497274
31/12/2020;96,58956
01/01/2021;96,587312
02/01/2021;96,585013
03/01/2021;96,582714
04/01/2021;96,549017
05/01/2021;96,556191
06/01/2021;96,637989
07/01/2021;96,83058
08/01/2021;97,007163
09/01/2021;97,00485
10/01/2021;97,002538
11/01/2021;96,980476
12/01/2021;96,982931
13/01/2021;97,010181
14/01/2021;97,080271
15/01/2021;97,150019
16/01/2021;97,147719
17/01/2021;97,145418
18/01/2021;97,172074
19/01/2021;97,198052
20/01/2021;97,453449
21/01/2021;97,40141
22/01/2021;97,340274
23/01/2021;97,337944
24/01/2021;97,335613
25/01/2021;97,2874
26/01/2021;97,121545
27/01/2021;96,711517
28/01/2021;96,925707
29/01/2021;96,775249
30/01/2021;96,772916
31/01/2021;96,770582
01/02/2021;97,187331
02/02/2021;97,46159
03/02/2021;97,546899
04/02/2021;97,672219
05/02/2021;97,703297
06/02/2021;97,700951
07/02/2021;97,698606
08/02/2021;97,768362
09/02/2021;97,690103
10/02/2021;97,695646
11/02/2021;97,753111
12/02/2021;97,840185
13/02/2021;97,837826
14/02/2021;97,835548
15/02/2021;97,977798
16/02/2021;97,916086
17/02/2021;97,87527
18/02/2021;97,709575
19/02/2021;97,699096
20/02/2021;97,696776
21/02/2021;97,694501
22/02/2021;97,378612
23/02/2021;97,355445
24/02/2021;97,36014
25/02/2021;97,07038
26/02/2021;97,095464
27/02/2021;97,093141
28/02/2021;97,090819
01/03/2021;97,380822
02/03/2021;97,224546
03/03/2021;97,159868
04/03/2021;97,044019
05/03/2021;97,191625
06/03/2021;97,189289
07/03/2021;97,186955
08/03/2021;97,187277
09/03/2021;97,353317
10/03/2021;97,335817
11/03/2021;97,521173
12/03/2021;97,520055
13/03/2021;97,517687
14/03/2021;97,515319
15/03/2021;97,583027
16/03/2021;97,64369
17/03/2021;97,500681
18/03/2021;97,384745
19/03/2021;97,41276
20/03/2021;97,410427
21/03/2021;97,408096
22/03/2021;97,377858
23/03/2021;97,363639
24/03/2021;97,331823
25/03/2021;97,403322
26/03/2021;97,61118
27/03/2021;97,608859
28/03/2021;97,60654
29/03/2021;97,584383
30/03/2021;97,663188
31/03/2021;97,674543
01/04/2021;97,851128
02/04/2021;97,848822
03/04/2021;97,846517
04/04/2021;97,844212
05/04/2021;97,86977
06/04/2021;97,928711
07/04/2021;97,926831
08/04/2021;98,002896
09/04/2021;98,010941
10/04/2021;98,008651
11/04/2021;98,006361
12/04/2021;97,987454
13/04/2021;97,962507
14/04/2021;97,949269
15/04/2021;98,053867
16/04/2021;98,159763
17/04/2021;98,157426
18/04/2021;98,155092
19/04/2021;98,082574
20/04/2021;97,940285
21/04/2021;97,985636
22/04/2021;98,047458
23/04/2021;98,113699
24/04/2021;98,111348
25/04/2021;98,109
26/04/2021;98,189724
27/04/2021;98,190954
28/04/2021;98,242971
29/04/2021;98,27419
30/04/2021;98,261926
01/05/2021;98,260644
02/05/2021;98,258305
03/05/2021;98,28126
04/05/2021;98,19605
05/05/2021;98,25808
06/05/2021;98,238884
07/05/2021;98,309076
08/05/2021;98,30672
09/05/2021;98,304365
10/05/2021;98,263167
11/05/2021;98,147006
12/05/2021;98,05001
13/05/2021;97,973206
14/05/2021;98,06733
15/05/2021;98,064956
16/05/2021;98,062588
17/05/2021;98,052916
18/05/2021;98,00094
19/05/2021;97,833429
20/05/2021;97,928015
21/05/2021;97,993741
22/05/2021;97,991362
23/05/2021;97,988987
24/05/2021;98,041678
25/05/2021;98,015377
26/05/2021;98,116533
27/05/2021;98,17041
28/05/2021;98,290271
29/05/2021;98,289088
30/05/2021;98,28791
31/05/2021;98,217166
01/06/2021;98,375877
02/06/2021;98,410466
03/06/2021;98,386267
04/06/2021;98,480248
05/06/2021;98,479046
06/06/2021;98,47785
07/06/2021;98,503505
08/06/2021;98,522606
09/06/2021;98,644586
10/06/2021;98,507182
11/06/2021;98,507181
12/06/2021;98,50718
13/06/2021;98,507179
14/06/2021;98,507178
15/06/2021;98,507177
16/06/2021;98,507176
17/06/2021;98,507175
18/06/2021;98,507174
19/06/2021;98,507173
20/06/2021;98,507172
21/06/2021;98,507171
22/06/2021;98,50717
23/06/2021;98,558424
24/06/2021;98,566287
25/06/2021;98,490144
26/06/2021;98,488691
27/06/2021;98,487246
28/06/2021;98,567185
29/06/2021;98,581179
30/06/2021;98,640446
01/07/2021;98,658362
02/07/2021;98,685268
03/07/2021;98,683783
04/07/2021;98,682298
05/07/2021;98,664705
06/07/2021;98,762138
07/07/2021;98,818412
08/07/2021;98,74875
09/07/2021;98,710936
10/07/2021;98,709427
11/07/2021;98,707918
12/07/2021;0
13/07/2021;98,781961
14/07/2021;98,76093
15/07/2021;98,786223
16/07/2021;98,814735
17/07/2021;98,813202
18/07/2021;98,811672
19/07/2021;98,818665
20/07/2021;98,844666
21/07/2021;98,821476
22/07/2021;98,883665
23/07/2021;98,898184
24/07/2021;98,896591
25/07/2021;98,894999
26/07/2021;98,863988
27/07/2021;98,874581
28/07/2021;98,870544
29/07/2021;98,864322
30/07/2021;98,879727
31/07/2021;98,874994
01/08/2021;98,870261
02/08/2021;98,909708
03/08/2021;98,918454
04/08/2021;98,934573
05/08/2021;98,951649
06/08/2021;98,903304
07/08/2021;98,901862
08/08/2021;98,900423
09/08/2021;98,8964
10/08/2021;98,901297
11/08/2021;98,878679
12/08/2021;98,884271
13/08/2021;98,875864
14/08/2021;98,874419
15/08/2021;98,872976
16/08/2021;98,890515
17/08/2021;98,905343
18/08/2021;98,920449
19/08/2021;98,927123
20/08/2021;98,926764
21/08/2021;98,925314
22/08/2021;98,923863
23/08/2021;98,899749
24/08/2021;98,882433
25/08/2021;98,799224
26/08/2021;98,790911
27/08/2021;98,802627
28/08/2021;98,801194
29/08/2021;98,799762
30/08/2021;98,822273
31/08/2021;98,760597
01/09/2021;98,743612
