Fecha;VLP
"1/1/2018";10,686478057
"2/1/2018";10,686761197
"3/1/2018";10,690515942
"4/1/2018";10,691398899
"5/1/2018";10,692003615
"6/1/2018";10,692353482
"7/1/2018";10,692703348
"8/1/2018";10,695793484
"9/1/2018";10,694384264
"10/1/2018";10,693867837
"11/1/2018";10,686939817
"12/1/2018";10,68465439
"13/1/2018";10,684996534
"14/1/2018";10,685338747
"15/1/2018";10,685713364
"16/1/2018";10,686206124
"17/1/2018";10,686641854
"18/1/2018";10,687117422
"19/1/2018";10,688447701
"20/1/2018";10,688776925
"21/1/2018";10,689106156
"22/1/2018";10,691007653
"23/1/2018";10,691484637
"24/1/2018";10,690886231
"25/1/2018";10,685156541
"26/1/2018";10,677628438
"27/1/2018";10,677966465
"28/1/2018";10,678304385
"29/1/2018";10,674368191
"30/1/2018";10,674829958
"31/1/2018";10,675099703
"1/2/2018";10,680475697
"2/2/2018";10,674206272
"3/2/2018";10,674520949
"4/2/2018";10,674835554
"5/2/2018";10,679715804
"6/2/2018";10,681408896
"7/2/2018";10,682583527
"8/2/2018";10,678713799
"9/2/2018";10,676251155
"10/2/2018";10,67656486
"11/2/2018";10,676878551
"12/2/2018";10,678701194
"13/2/2018";10,673841694
"14/2/2018";10,672875636
"15/2/2018";10,670901334
"16/2/2018";10,67681856
"17/2/2018";10,677131613
"18/2/2018";10,677444669
"19/2/2018";10,674226093
"20/2/2018";10,672608785
"21/2/2018";10,67301359
"22/2/2018";10,670681727
"23/2/2018";10,670460611
"24/2/2018";10,670774157
"25/2/2018";10,671087743
"26/2/2018";10,67412693
"27/2/2018";10,673103372
"28/2/2018";10,677342218
"1/3/2018";10,676696683
"2/3/2018";10,674005969
"3/3/2018";10,674316706
"4/3/2018";10,674627401
"5/3/2018";10,673183662
"6/3/2018";10,673506162
"7/3/2018";10,676037594
"8/3/2018";10,679401867
"9/3/2018";10,677965414
"10/3/2018";10,678277494
"11/3/2018";10,678589384
"12/3/2018";10,680990315
"13/3/2018";10,680724566
"14/3/2018";10,678662408
"15/3/2018";10,676436567
"16/3/2018";10,677943615
"17/3/2018";10,67825775
"18/3/2018";10,678693516
"19/3/2018";10,677898301
"20/3/2018";10,680813947
"21/3/2018";10,679405703
"22/3/2018";10,683484177
"23/3/2018";10,68284556
"24/3/2018";10,683138132
"25/3/2018";10,68343193
"26/3/2018";10,681246486
"27/3/2018";10,685028357
"28/3/2018";10,686062034
"29/3/2018";10,690032177
"30/3/2018";10,690305028
"31/3/2018";10,690578136
"1/4/2018";10,690853236
"2/4/2018";10,691124661
"3/4/2018";10,688708662
"4/4/2018";10,691601291
"5/4/2018";10,686481048
"6/4/2018";10,686727891
"7/4/2018";10,686989307
"8/4/2018";10,687250354
"9/4/2018";10,687115089
"10/4/2018";10,684476288
"11/4/2018";10,684395098
"12/4/2018";10,684162584
"13/4/2018";10,685332228
"14/4/2018";10,685550591
"15/4/2018";10,68577288
"16/4/2018";10,685059106
"17/4/2018";10,688036619
"18/4/2018";10,687500294
"19/4/2018";10,682429659
"20/4/2018";10,683359425
"21/4/2018";10,683553681
"22/4/2018";10,683749612
"23/4/2018";10,682943724
"24/4/2018";10,683000097
"25/4/2018";10,682786165
"26/4/2018";10,685388443
"27/4/2018";10,686198795
"28/4/2018";10,686454332
"29/4/2018";10,686711322
"30/4/2018";10,683766053
"1/5/2018";10,684026943
"2/5/2018";10,683607166
"3/5/2018";10,686780051
"4/5/2018";10,683733553
"5/5/2018";10,68396135
"6/5/2018";10,684191197
"7/5/2018";10,685285827
"8/5/2018";10,680620069
"9/5/2018";10,679459381
"10/5/2018";10,672322596
"11/5/2018";10,676475684
"12/5/2018";10,676728904
"13/5/2018";10,676983693
"14/5/2018";10,670696096
"15/5/2018";10,666900253
"16/5/2018";10,651468982
"17/5/2018";10,653458036
"18/5/2018";10,645115496
"19/5/2018";10,645346454
"20/5/2018";10,645578431
"21/5/2018";10,628412563
"22/5/2018";10,633974164
"23/5/2018";10,625353737
"24/5/2018";10,625662048
"25/5/2018";10,603792239
"26/5/2018";10,604012232
"27/5/2018";10,60423164
"28/5/2018";10,567915524
"29/5/2018";10,432331143
"30/5/2018";10,482427275
"31/5/2018";10,532753998
"1/6/2018";10,544789233
"2/6/2018";10,545036416
"3/6/2018";10,545286218
"4/6/2018";10,572952478
"5/6/2018";10,551400096
"6/6/2018";10,516083555
"7/6/2018";10,497056878
"8/6/2018";10,489307271
"9/6/2018";10,489551723
"10/6/2018";10,48979585
"11/6/2018";10,534878393
"12/6/2018";10,542157086
"13/6/2018";10,552100974
"14/6/2018";10,561962507
"15/6/2018";10,574083295
"16/6/2018";10,574303244
"17/6/2018";10,574524791
"18/6/2018";10,582758964
"19/6/2018";10,5805754
"20/6/2018";10,581009798
"21/6/2018";10,561779538
"22/6/2018";10,559539076
"23/6/2018";10,559757234
"24/6/2018";10,559978222
"25/6/2018";10,551000355
"26/6/2018";10,546173276
"27/6/2018";10,554555474
"28/6/2018";10,555548259
"29/6/2018";10,564868335
"30/6/2018";10,565095749
"1/7/2018";10,565326516
"2/7/2018";10,566261729
"3/7/2018";10,567299337
"4/7/2018";10,564437527
"5/7/2018";10,552953598
"6/7/2018";10,556021737
"7/7/2018";10,55626609
"8/7/2018";10,55651047
"9/7/2018";10,559381573
"10/7/2018";10,558115623
"11/7/2018";10,556322801
"12/7/2018";10,559892284
"13/7/2018";10,561463484
"14/7/2018";10,561626073
"15/7/2018";10,561788704
"16/7/2018";10,561174349
"17/7/2018";10,564845521
"18/7/2018";10,56405719
"19/7/2018";10,564190365
"20/7/2018";10,559987457
"21/7/2018";10,560214486
"22/7/2018";10,560375663
"23/7/2018";10,55676998
"24/7/2018";10,556321942
"25/7/2018";10,557594331
"26/7/2018";10,557481488
"27/7/2018";10,555547106
"28/7/2018";10,555747744
"29/7/2018";10,555948343
"30/7/2018";10,552496605
"31/7/2018";10,554387578
"1/8/2018";10,550734683
"2/8/2018";10,54682705
"3/8/2018";10,548633644
"4/8/2018";10,548832397
"5/8/2018";10,549031131
"6/8/2018";10,550878314
"7/8/2018";10,550461836
"8/8/2018";10,549814279
"9/8/2018";10,549303489
"10/8/2018";10,547955764
"11/8/2018";10,54812259
"12/8/2018";10,548317602
"13/8/2018";10,542871935
"14/8/2018";10,545016527
"15/8/2018";10,543614715
"16/8/2018";10,543890388
"17/8/2018";10,544914142
"18/8/2018";10,54511251
"19/8/2018";10,545310352
"20/8/2018";10,548564697
"21/8/2018";10,550472179
"22/8/2018";10,547993215
"23/8/2018";10,546779564
"24/8/2018";10,543790211
"25/8/2018";10,543982791
"26/8/2018";10,544174844
"27/8/2018";10,542616445
"28/8/2018";10,540008368
"29/8/2018";10,539482188
"30/8/2018";10,53670759
"31/8/2018";10,535408497
"1/9/2018";10,535597219
"2/9/2018";10,535786024
"3/9/2018";10,536436539
"4/9/2018";10,539807788
"5/9/2018";10,540016729
"6/9/2018";10,542415291
"7/9/2018";10,540612286
"8/9/2018";10,540797119
"9/9/2018";10,540981467
"10/9/2018";10,544075009
"11/9/2018";10,541773615
"12/9/2018";10,542723137
"13/9/2018";10,540650896
"14/9/2018";10,538773369
"15/9/2018";10,538955384
"16/9/2018";10,539136815
"17/9/2018";10,540768009
"18/9/2018";10,540842781
"19/9/2018";10,538044951
"20/9/2018";10,53685468
"21/9/2018";10,539501298
"22/9/2018";10,539699764
"23/9/2018";10,539897859
"24/9/2018";10,532659167
"25/9/2018";10,531981697
"26/9/2018";10,534480129
"27/9/2018";10,532189085
"28/9/2018";10,528397205
"29/9/2018";10,528581082
"30/9/2018";10,5287658
"1/10/2018";10,524447076
"2/10/2018";10,524991501
"3/10/2018";10,526969183
"4/10/2018";10,522823777
"5/10/2018";10,517489418
"6/10/2018";10,517639093
"7/10/2018";10,517813761
"8/10/2018";10,516148515
"9/10/2018";10,51784031
"10/10/2018";10,516559807
"11/10/2018";10,515147106
"12/10/2018";10,515385104
"13/10/2018";10,51556082
"14/10/2018";10,515736252
"15/10/2018";10,515977963
"16/10/2018";10,519586524
"17/10/2018";10,520711244
"18/10/2018";10,517364854
"19/10/2018";10,517542484
"20/10/2018";10,517718196
"21/10/2018";10,517893592
"22/10/2018";10,51961989
"23/10/2018";10,519194191
"24/10/2018";10,51979326
"25/10/2018";10,520678616
"26/10/2018";10,522161068
"27/10/2018";10,522337323
"28/10/2018";10,522513509
"29/10/2018";10,524966283
"30/10/2018";10,521409065
"31/10/2018";10,523207384
"1/11/2018";10,524157749
"2/11/2018";10,526681547
"3/11/2018";10,526856037
"4/11/2018";10,527030395
"5/11/2018";10,527036381
"6/11/2018";10,526141243
"7/11/2018";10,526718418
"8/11/2018";10,524861681
"9/11/2018";10,523673135
"10/11/2018";10,523846302
"11/11/2018";10,524019101
"12/11/2018";10,522343922
"13/11/2018";10,521583303
"14/11/2018";10,520242843
"15/11/2018";10,517168917
"16/11/2018";10,515801313
"17/11/2018";10,515969888
"18/11/2018";10,516143362
"19/11/2018";10,513034349
"20/11/2018";10,510077496
"21/11/2018";10,512666574
"22/11/2018";10,513800907
"23/11/2018";10,513342253
"24/11/2018";10,513511801
"25/11/2018";10,51368098
"26/11/2018";10,517519258
"27/11/2018";10,515985408
"28/11/2018";10,515179055
"29/11/2018";10,514642241
"30/11/2018";10,513392818
"1/12/2018";10,513567174
"2/12/2018";10,513730135
"3/12/2018";10,516090712
"4/12/2018";10,514305016
"5/12/2018";10,514368764
"6/12/2018";10,509118114
"7/12/2018";10,509086138
"8/12/2018";10,509248042
"9/12/2018";10,509411319
"10/12/2018";10,508599445
"11/12/2018";10,508555736
"12/12/2018";10,509737701
"13/12/2018";10,51182782
"14/12/2018";10,512258453
"15/12/2018";10,512414024
"16/12/2018";10,512569001
"17/12/2018";10,512632787
"18/12/2018";10,512483875
"19/12/2018";10,514668405
"20/12/2018";10,513811321
"21/12/2018";10,511879352
"22/12/2018";10,512015685
"23/12/2018";10,512170363
"24/12/2018";10,512417746
"25/12/2018";10,512564027
"26/12/2018";10,51271269
"27/12/2018";10,51170358
"28/12/2018";10,511087943
"29/12/2018";10,511254853
"30/12/2018";10,511421359
"31/12/2018";10,511438948
"1/1/2019";10,511604091
"2/1/2019";10,510048542
"3/1/2019";10,505234393
"4/1/2019";10,505049956
"5/1/2019";10,505213535
"6/1/2019";10,505376675
"7/1/2019";10,50298869
"8/1/2019";10,50148041
"9/1/2019";10,502465544
"10/1/2019";10,501672308
"11/1/2019";10,501963691
"12/1/2019";10,502127965
"13/1/2019";10,502291913
"14/1/2019";10,503818349
"15/1/2019";10,505332478
"16/1/2019";10,508457828
"17/1/2019";10,509044293
"18/1/2019";10,510620234
"19/1/2019";10,51075395
"20/1/2019";10,510917503
"21/1/2019";10,510420202
"22/1/2019";10,511103053
"23/1/2019";10,511284833
"24/1/2019";10,51229522
"25/1/2019";10,513216078
"26/1/2019";10,513403354
"27/1/2019";10,513590289
"28/1/2019";10,514021734
"29/1/2019";10,513667932
"30/1/2019";10,513779427
"31/1/2019";10,514772737
"1/2/2019";10,510611273
"2/2/2019";10,510817153
"3/2/2019";10,511022611
"4/2/2019";10,510840103
"5/2/2019";10,509860673
"6/2/2019";10,508889334
"7/2/2019";10,503334673
"8/2/2019";10,500446053
"9/2/2019";10,500656812
"10/2/2019";10,500872934
"11/2/2019";10,503549887
"12/2/2019";10,50703765
"13/2/2019";10,50989356
"14/2/2019";10,507862432
"15/2/2019";10,509860619
"16/2/2019";10,510026811
"17/2/2019";10,510239665
"18/2/2019";10,513507093
"19/2/2019";10,513342279
"20/2/2019";10,51152272
"21/2/2019";10,511413422
"22/2/2019";10,510589629
"23/2/2019";10,510815554
"24/2/2019";10,511041233
"25/2/2019";10,515515489
"26/2/2019";10,518878988
"27/2/2019";10,514155092
"28/2/2019";10,514611504
"1/3/2019";10,515179055
"2/3/2019";10,515421851
"3/3/2019";10,51566419
"4/3/2019";10,517135512
"5/3/2019";10,518343759
"6/3/2019";10,524661487
"7/3/2019";10,533846409
"8/3/2019";10,529324624
"9/3/2019";10,529561324
"10/3/2019";10,529797598
"11/3/2019";10,525510675
"12/3/2019";10,526061625
"13/3/2019";10,5266563
"14/3/2019";10,529366796
"15/3/2019";10,530584933
"16/3/2019";10,530843999
"17/3/2019";10,53110257
"18/3/2019";10,534099147
"19/3/2019";10,531988918
"20/3/2019";10,530376887
"21/3/2019";10,533678949
"22/3/2019";10,532686996
"23/3/2019";10,532952307
"24/3/2019";10,533217324
"25/3/2019";10,529172789
"26/3/2019";10,532321981
"27/3/2019";10,536643753
"28/3/2019";10,532595844
"29/3/2019";10,532703921
"30/3/2019";10,532972336
"31/3/2019";10,533241344
"1/4/2019";10,531607222
"2/4/2019";10,532287744
"3/4/2019";10,529738428
"4/4/2019";10,530327959
"5/4/2019";10,53259781
"6/4/2019";10,532858063
"7/4/2019";10,533101005
"8/4/2019";10,53458772
"9/4/2019";10,537198062
"10/4/2019";10,540822269
"11/4/2019";10,544342679
"12/4/2019";10,54132632
"13/4/2019";10,541557794
"14/4/2019";10,541788894
"15/4/2019";10,5386239
"16/4/2019";10,538372914
"17/4/2019";10,536132091
"18/4/2019";10,539244822
"19/4/2019";10,539467142
"20/4/2019";10,539689297
"21/4/2019";10,539911135
"22/4/2019";10,540132514
"23/4/2019";10,534179377
"24/4/2019";10,538968611
"25/4/2019";10,53571896
"26/4/2019";10,543386002
"27/4/2019";10,543611608
"28/4/2019";10,543837351
"29/4/2019";10,544661469
"30/4/2019";10,548430338
"1/5/2019";10,548669441
"2/5/2019";10,549091711
"3/5/2019";10,551662346
"4/5/2019";10,55191202
"5/5/2019";10,552161409
"6/5/2019";10,551705193
"7/5/2019";10,551115037
"8/5/2019";10,54960947
"9/5/2019";10,541898961
"10/5/2019";10,542330171
"11/5/2019";10,54257214
"12/5/2019";10,542814908
"13/5/2019";10,539646442
"14/5/2019";10,538009772
"15/5/2019";10,537025703
"16/5/2019";10,543183673
"17/5/2019";10,549129282
"18/5/2019";10,549363405
"19/5/2019";10,549597472
"20/5/2019";10,545549873
"21/5/2019";10,547589546
"22/5/2019";10,548298877
"23/5/2019";10,546918594
"24/5/2019";10,552158422
"25/5/2019";10,552435294
"26/5/2019";10,552715371
"27/5/2019";10,547982492
"28/5/2019";10,548496508
"29/5/2019";10,554178745
"30/5/2019";10,549299946
"31/5/2019";10,553593534
"1/6/2019";10,55385116
"2/6/2019";10,554117254
"3/6/2019";10,558219118
"4/6/2019";10,564343508
"5/6/2019";10,571457581
"6/6/2019";10,571169861
"7/6/2019";10,583164401
"8/6/2019";10,58344036
"9/6/2019";10,58371668
"10/6/2019";10,577950881
"11/6/2019";10,577200424
"12/6/2019";10,575083028
"13/6/2019";10,577991423
"14/6/2019";10,582547705
"15/6/2019";10,582817471
"16/6/2019";10,583087072
"17/6/2019";10,580969759
"18/6/2019";10,607903047
"19/6/2019";10,605093191
"20/6/2019";10,607525232
"21/6/2019";10,601188136
"22/6/2019";10,601463938
"23/6/2019";10,601739618
"24/6/2019";10,604555542
"25/6/2019";10,606117973
"26/6/2019";10,604873245
"27/6/2019";10,606613477
"28/6/2019";10,609037089
"29/6/2019";10,609339349
"30/6/2019";10,609608504
"1/7/2019";10,622693303
"2/7/2019";10,631090013
"3/7/2019";10,643819558
"4/7/2019";10,634952403
"5/7/2019";10,626385173
"6/7/2019";10,626685
"7/7/2019";10,626984653
"8/7/2019";10,622322051
"9/7/2019";10,623620595
"10/7/2019";10,620406912
"11/7/2019";10,618582648
"12/7/2019";10,611137892
"13/7/2019";10,611429892
"14/7/2019";10,611739807
"15/7/2019";10,62238644
"16/7/2019";10,626955825
"17/7/2019";10,631488088
"18/7/2019";10,634429171
"19/7/2019";10,635089602
"20/7/2019";10,635379247
"21/7/2019";10,635674379
"22/7/2019";10,634353667
"23/7/2019";10,637869729
"24/7/2019";10,648158011
"25/7/2019";10,645279411
"26/7/2019";10,642486215
"27/7/2019";10,642805871
"28/7/2019";10,643125492
"29/7/2019";10,64390697
"30/7/2019";10,642337622
"31/7/2019";10,650778349
"1/8/2019";10,646947529
"2/8/2019";10,648914784
"3/8/2019";10,649230508
"4/8/2019";10,649546252
"5/8/2019";10,64633847
"6/8/2019";10,650355512
"7/8/2019";10,658506728
"8/8/2019";10,648595271
"9/8/2019";10,623525807
"10/8/2019";10,623868858
"11/8/2019";10,624212612
"12/8/2019";10,634044769
"13/8/2019";10,642088567
"14/8/2019";10,65095142
"15/8/2019";10,667176145
"16/8/2019";10,656812216
"17/8/2019";10,657151484
"18/8/2019";10,657490683
"19/8/2019";10,651204129
"20/8/2019";10,65918615
"21/8/2019";10,660098673
"22/8/2019";10,657058833
"23/8/2019";10,658183562
"24/8/2019";10,658498648
"25/8/2019";10,658813618
"26/8/2019";10,658744173
"27/8/2019";10,670019399
"28/8/2019";10,675177626
"29/8/2019";10,676591552
"30/8/2019";10,678013738
"31/8/2019";10,678307837
"1/9/2019";10,678598502
"2/9/2019";10,679155928
"3/9/2019";10,679966639
"4/9/2019";10,680133908
"5/9/2019";10,670200783
"6/9/2019";10,677281751
"7/9/2019";10,677575909
"8/9/2019";10,677870056
"9/9/2019";10,670817905
"10/9/2019";10,664493993
"11/9/2019";10,665678427
"12/9/2019";10,65575389
"13/9/2019";10,648206797
"14/9/2019";10,648500837
"15/9/2019";10,64879497
"16/9/2019";10,656929462
"17/9/2019";10,650321453
"18/9/2019";10,654788288
"19/9/2019";10,651103167
"20/9/2019";10,650056073
"21/9/2019";10,6503419
"22/9/2019";10,650628238
"23/9/2019";10,657748869
"24/9/2019";10,658852736
"25/9/2019";10,655649948
"26/9/2019";10,656331906
"27/9/2019";10,659587002
"28/9/2019";10,659857569
"29/9/2019";10,660128377
"30/9/2019";10,661386033
"1/10/2019";10,662162013
"2/10/2019";10,657843336
"3/10/2019";10,660721914
"4/10/2019";10,660232657
"5/10/2019";10,660498397
"6/10/2019";10,660773055
"7/10/2019";10,658104855
"8/10/2019";10,659541456
"9/10/2019";10,654495591
"10/10/2019";10,64307805
"11/10/2019";10,645827459
"12/10/2019";10,646119828
"13/10/2019";10,6464309
"14/10/2019";10,647085441
"15/10/2019";10,645423602
"16/10/2019";10,644082436
"17/10/2019";10,645316624
"18/10/2019";10,642578107
"19/10/2019";10,642849311
"20/10/2019";10,643130253
"21/10/2019";10,639384836
"22/10/2019";10,642126726
"23/10/2019";10,642132221
"24/10/2019";10,643651828
"25/10/2019";10,640107597
"26/10/2019";10,640391591
"27/10/2019";10,640676296
"28/10/2019";10,636174517
"29/10/2019";10,636958002
"30/10/2019";10,636853973
"31/10/2019";10,644377604
"1/11/2019";10,640943771
"2/11/2019";10,641229144
"3/11/2019";10,641514473
"4/11/2019";10,64071941
"5/11/2019";10,638289903
"6/11/2019";10,641161055
"7/11/2019";10,627014651
"8/11/2019";10,626073632
"9/11/2019";10,626353752
"10/11/2019";10,626633889
"11/11/2019";10,620892303
"12/11/2019";10,622763431
"13/11/2019";10,621912766
"14/11/2019";10,618517718
"15/11/2019";10,620240706
"16/11/2019";10,620517998
"17/11/2019";10,620795262
"18/11/2019";10,621704009
"19/11/2019";10,618595154
"20/11/2019";10,6193909
"21/11/2019";10,616022604
"22/11/2019";10,620081272
"23/11/2019";10,620347917
"24/11/2019";10,620614756
"25/11/2019";10,622205126
"26/11/2019";10,624463328
"27/11/2019";10,624840514
"28/11/2019";10,621842589
"29/11/2019";10,620679216
"30/11/2019";10,620937335
"1/12/2019";10,621200967
"2/12/2019";10,611379136
"3/12/2019";10,620918267
"4/12/2019";10,619499086
"5/12/2019";10,612757302
"6/12/2019";10,614318515
"7/12/2019";10,614575644
"8/12/2019";10,614832555
"9/12/2019";10,621160052
"10/12/2019";10,623402479
"11/12/2019";10,62798826
"12/12/2019";10,623397074
"13/12/2019";10,628341482
"14/12/2019";10,628598735
"15/12/2019";10,628856249
"16/12/2019";10,629069609
"17/12/2019";10,631857356
"18/12/2019";10,627839099
"19/12/2019";10,623967707
"20/12/2019";10,624152062
"21/12/2019";10,624392421
"22/12/2019";10,62465035
"23/12/2019";10,622227254
"24/12/2019";10,622424349
"25/12/2019";10,622667712
"26/12/2019";10,622933353
"27/12/2019";10,626837443
"28/12/2019";10,627094525
"29/12/2019";10,627348809
"30/12/2019";10,620833473
"31/12/2019";10,621156912
"1/1/2020";10,621412314
"2/1/2020";10,622274998
"3/1/2020";10,628380835
"4/1/2020";10,628632133
"5/1/2020";10,628883229
"6/1/2020";10,628334201
"7/1/2020";10,626871328
"8/1/2020";10,621955974
"9/1/2020";10,619166779
"10/1/2020";10,621359829
"11/1/2020";10,621608645
"12/1/2020";10,621860325
"13/1/2020";10,617405685
"14/1/2020";10,616743026
"15/1/2020";10,618713048
"16/1/2020";10,618017323
"17/1/2020";10,618737354
"18/1/2020";10,618984263
"19/1/2020";10,619231033
"20/1/2020";10,621049942
"21/1/2020";10,621471262
"22/1/2020";10,62347011
"23/1/2020";10,629858641
"24/1/2020";10,63242202
"25/1/2020";10,632672712
"26/1/2020";10,632923206
"27/1/2020";10,640583469
"28/1/2020";10,63822614
"29/1/2020";10,643379776
"30/1/2020";10,644887861
"31/1/2020";10,647965561
"1/2/2020";10,64820615
"2/2/2020";10,648449999
"3/2/2020";10,648308518
"4/2/2020";10,645862871
"5/2/2020";10,644343393
"6/2/2020";10,644728127
"7/2/2020";10,645738964
"8/2/2020";10,64597485
"9/2/2020";10,646210635
"10/2/2020";10,64696376
"11/2/2020";10,647393367
"12/2/2020";10,64916475
"13/2/2020";10,649219029
"14/2/2020";10,649982826
"15/2/2020";10,650250338
"16/2/2020";10,65052034
"17/2/2020";10,651333603
"18/2/2020";10,650461196
"19/2/2020";10,650098531
"20/2/2020";10,652048754
"21/2/2020";10,649868504
"22/2/2020";10,650128589
"23/2/2020";10,650388627
"24/2/2020";10,647760476
"25/2/2020";10,646640461
"26/2/2020";10,641989162
"27/2/2020";10,62991234
"28/2/2020";10,617683867
"29/2/2020";10,617949202
"1/3/2020";10,618227478
"2/3/2020";10,617257276
"3/3/2020";10,628941498
"4/3/2020";10,631236117
"5/3/2020";10,625234895
"6/3/2020";10,608442095
"7/3/2020";10,608718145
"8/3/2020";10,608994187
"9/3/2020";10,559942461
"10/3/2020";10,55315451
"11/3/2020";10,555287566
"12/3/2020";10,485435196
"13/3/2020";10,453739759
"14/3/2020";10,45397567
"15/3/2020";10,454254404
"16/3/2020";10,392478785
"17/3/2020";10,340767282
"18/3/2020";10,264761045
"19/3/2020";10,309535265
"20/3/2020";10,324677118
"21/3/2020";10,324963847
"22/3/2020";10,325250304
"23/3/2020";10,310725873
"24/3/2020";10,295230433
"25/3/2020";10,293055313
"26/3/2020";10,32772324
"27/3/2020";10,333901759
"28/3/2020";10,334183254
"29/3/2020";10,334464843
"30/3/2020";10,325275353
"31/3/2020";10,323422517
"1/4/2020";10,316790964
"2/4/2020";10,314333375
"3/4/2020";10,306150234
"4/4/2020";10,30643249
"5/4/2020";10,306714847
"6/4/2020";10,310174021
"7/4/2020";10,30299953
"8/4/2020";10,303985988
"9/4/2020";10,337517047
"10/4/2020";10,3378004
"11/4/2020";10,338084327
"12/4/2020";10,338368534
"13/4/2020";10,338633692
"14/4/2020";10,343546986
"15/4/2020";10,335756095
"16/4/2020";10,337141621
"17/4/2020";10,342709447
"18/4/2020";10,342992423
"19/4/2020";10,343275202
"20/4/2020";10,329490768
"21/4/2020";10,311000469
"22/4/2020";10,309374021
"23/4/2020";10,324480794
"24/4/2020";10,339318812
"25/4/2020";10,339599769
"26/4/2020";10,339882864
"27/4/2020";10,352722428
"28/4/2020";10,365779746
"29/4/2020";10,371358124
"30/4/2020";10,38988621
"1/5/2020";10,390166199
"2/5/2020";10,390449471
"3/5/2020";10,390732534
"4/5/2020";10,382192245
"5/5/2020";10,379205564
"6/5/2020";10,366517875
"7/5/2020";10,368843264
"8/5/2020";10,376366017
"9/5/2020";10,376651895
"10/5/2020";10,376937648
"11/5/2020";10,372189581
"12/5/2020";10,37074199
"13/5/2020";10,373656356
"14/5/2020";10,364579728
"15/5/2020";10,357963672
"16/5/2020";10,358247601
"17/5/2020";10,358533542
"18/5/2020";10,364137391
"19/5/2020";10,37309419
"20/5/2020";10,378577353
"21/5/2020";10,386322822
"22/5/2020";10,386874176
"23/5/2020";10,387153045
"24/5/2020";10,387436328
"25/5/2020";10,389724005
"26/5/2020";10,395187631
"27/5/2020";10,409842623
"28/5/2020";10,421895891
"29/5/2020";10,424705826
"30/5/2020";10,424968599
"31/5/2020";10,425247324
"1/6/2020";10,426561532
"2/6/2020";10,434525563
"3/6/2020";10,439480378
"4/6/2020";10,459647201
"5/6/2020";10,477914535
"6/6/2020";10,478185586
"7/6/2020";10,478463195
"8/6/2020";10,488732046
"9/6/2020";10,475476918
"10/6/2020";10,465098974
"11/6/2020";10,46475085
"12/6/2020";10,469741991
"13/6/2020";10,47002015
"14/6/2020";10,470298311
"15/6/2020";10,471080773
"16/6/2020";10,487567085
"17/6/2020";10,485174795
"18/6/2020";10,484047934
"19/6/2020";10,487389068
"20/6/2020";10,487666712
"21/6/2020";10,487946523
"22/6/2020";10,492702944
"23/6/2020";10,491228545
"24/6/2020";10,493026123
"25/6/2020";10,490800769
"26/6/2020";10,491821957
"27/6/2020";10,492104489
"28/6/2020";10,492386843
"29/6/2020";10,490514526
"30/6/2020";10,492449348
"1/7/2020";10,488000966
"2/7/2020";10,49865875
"3/7/2020";10,498330458
"4/7/2020";10,498612813
"5/7/2020";10,498894841
"6/7/2020";10,505274133
"7/7/2020";10,507022136
"8/7/2020";10,507198622
"9/7/2020";10,507618583
"10/7/2020";10,507342163
"11/7/2020";10,507606103
"12/7/2020";10,507882552
"13/7/2020";10,504124956
"14/7/2020";10,5081692
"15/7/2020";10,512274577
"16/7/2020";10,51745964
"17/7/2020";10,517333921
"18/7/2020";10,517617014
"19/7/2020";10,517899936
"20/7/2020";10,529152011
"21/7/2020";10,537313691
"22/7/2020";10,545481648
"23/7/2020";10,547545229
"24/7/2020";10,542655552
"25/7/2020";10,542935795
"26/7/2020";10,543218525
"27/7/2020";10,546997909
"28/7/2020";10,547279553
"29/7/2020";10,548424218
"30/7/2020";10,550210836
"31/7/2020";10,54570899
"1/8/2020";10,545962158
"2/8/2020";10,546243818
"3/8/2020";10,54732363
"4/8/2020";10,555613066
"5/8/2020";10,553002653
"6/8/2020";10,557815044
"7/8/2020";10,558153048
"8/8/2020";10,558436386
"9/8/2020";10,558730788
"10/8/2020";10,564512944
"11/8/2020";10,562225431
"12/8/2020";10,561975996
"13/8/2020";10,554339236
"14/8/2020";10,557610918
"15/8/2020";10,557902646
"16/8/2020";10,558194338
"17/8/2020";10,563383461
"18/8/2020";10,564643703
"19/8/2020";10,566978206
"20/8/2020";10,566384492
"21/8/2020";10,565867478
"22/8/2020";10,566152621
"23/8/2020";10,566445155
"24/8/2020";10,564320158
"25/8/2020";10,554704985
"26/8/2020";10,555265293
"27/8/2020";10,555020758
"28/8/2020";10,556013721
"29/8/2020";10,556304919
"30/8/2020";10,556595997
"31/8/2020";10,551438735
"1/9/2020";10,55773166
"2/9/2020";10,567928498
"3/9/2020";10,569659387
"4/9/2020";10,565187302
"5/9/2020";10,565459542
"6/9/2020";10,565749967
"7/9/2020";10,563972597
"8/9/2020";10,566182389
"9/9/2020";10,563281043
"10/9/2020";10,560538117
"11/9/2020";10,568901481
"12/9/2020";10,569184221
"13/9/2020";10,569469356
"14/9/2020";10,572619522
"15/9/2020";10,574271057
"16/9/2020";10,577631464
"17/9/2020";10,579976878
"18/9/2020";10,578825097
"19/9/2020";10,579106163
"20/9/2020";10,579390081
"21/9/2020";10,583009606
"22/9/2020";10,58225386
"23/9/2020";10,583185109
"24/9/2020";10,57594667
"25/9/2020";10,575170347
"26/9/2020";10,575459778
"27/9/2020";10,575752991
"28/9/2020";10,577377214
"29/9/2020";10,580933659
"30/9/2020";10,578666716
"1/10/2020";10,583587589
"2/10/2020";10,587005911
"3/10/2020";10,58729076
"4/10/2020";10,58757552
"5/10/2020";10,585769036
"6/10/2020";10,592085342
"7/10/2020";10,593769087
"8/10/2020";10,599029606
"9/10/2020";10,602274549
"10/10/2020";10,60255559
"11/10/2020";10,60284276
"12/10/2020";10,608152304
"13/10/2020";10,609847428
"14/10/2020";10,610892231
"15/10/2020";10,605108679
"16/10/2020";10,611750924
"17/10/2020";10,612041052
"18/10/2020";10,612332608
"19/10/2020";10,608177698
"20/10/2020";10,606653981
"21/10/2020";10,603626734
"22/10/2020";10,600806411
"23/10/2020";10,60511062
"24/10/2020";10,605398513
"25/10/2020";10,605686492
"26/10/2020";10,607495019
"27/10/2020";10,61281899
"28/10/2020";10,604006586
"29/10/2020";10,609529993
"30/10/2020";10,606638816
"31/10/2020";10,606891312
"1/11/2020";10,607174989
"2/11/2020";10,610217582
"3/11/2020";10,612817805
"4/11/2020";10,618922213
"5/11/2020";10,623485399
"6/11/2020";10,626427171
"7/11/2020";10,626700977
"8/11/2020";10,62697461
"9/11/2020";10,620093156
"10/11/2020";10,621498447
"11/11/2020";10,626184502
"12/11/2020";10,629207835
"13/11/2020";10,631697934
"14/11/2020";10,631952839
"15/11/2020";10,632222657
"16/11/2020";10,635781377
"17/11/2020";10,638993058
"18/11/2020";10,637863016
"19/11/2020";10,638651307
"20/11/2020";10,640758182
"21/11/2020";10,641009919
"22/11/2020";10,641277008
"23/11/2020";10,641938074
"24/11/2020";10,642624516
"25/11/2020";10,643665242
"26/11/2020";10,644466805
"27/11/2020";10,644586136
"28/11/2020";10,644848415
"29/11/2020";10,645113715
"30/11/2020";10,641654925
"1/12/2020";10,636006171
"2/12/2020";10,637966571
"3/12/2020";10,642472161
"4/12/2020";10,642185193
"5/12/2020";10,642436037
"6/12/2020";10,642686752
"7/12/2020";10,646082803
"8/12/2020";10,649192098
"9/12/2020";10,65051337
"10/12/2020";10,649596422
"11/12/2020";10,651824784
"12/12/2020";10,652076404
"13/12/2020";10,652329832
"14/12/2020";10,651506074
"15/12/2020";10,652651462
"16/12/2020";10,646650182
"17/12/2020";10,64644453
"18/12/2020";10,644709094
"19/12/2020";10,644967752
"20/12/2020";10,645229159
"21/12/2020";10,642440886
"22/12/2020";10,643336441
"23/12/2020";10,63678009
"24/12/2020";10,636995501
"25/12/2020";10,63725804
"26/12/2020";10,637521138
"27/12/2020";10,637784067
"28/12/2020";10,641379425
"29/12/2020";10,642533437
"30/12/2020";10,639948034
"31/12/2020";10,640466497
"1/1/2021";10,640729681
"2/1/2021";10,640988381
"3/1/2021";10,641246835
"4/1/2021";10,643502729
"5/1/2021";10,641091717
"6/1/2021";10,639533026
"7/1/2021";10,640216746
"8/1/2021";10,641290594
"9/1/2021";10,641546411
"10/1/2021";10,641802273
"11/1/2021";10,637986675
"12/1/2021";10,627595553
"13/1/2021";10,633108267
"14/1/2021";10,629280256
"15/1/2021";10,631270844
"16/1/2021";10,631518974
"17/1/2021";10,631781673
"18/1/2021";10,62844739
"19/1/2021";10,631841963
"20/1/2021";10,631932465
"21/1/2021";10,623813596
"22/1/2021";10,62052375
"23/1/2021";10,620788159
"24/1/2021";10,621055612
"25/1/2021";10,628868068
"26/1/2021";10,630327842
"27/1/2021";10,630578557
"28/1/2021";10,628516246
"29/1/2021";10,627175787
"30/1/2021";10,6274362
"31/1/2021";10,62770214
"1/2/2021";10,629335195
"2/2/2021";10,626935583
"3/2/2021";10,630427515
"4/2/2021";10,631327834
"5/2/2021";10,631639183
"6/2/2021";10,631900259
"7/2/2021";10,632161215
"8/2/2021";10,633887108
"9/2/2021";10,63381008
"10/2/2021";10,633275677
"11/2/2021";10,635227878
"12/2/2021";10,631071843
"13/2/2021";10,631326097
"14/2/2021";10,631583104
"15/2/2021";10,626073848
"16/2/2021";10,621124859
"17/2/2021";10,620993037
"18/2/2021";10,612738034
"19/2/2021";10,613010172
"20/2/2021";10,613241968
"21/2/2021";10,613488329
"22/2/2021";10,617060233
"23/2/2021";10,612373635
"24/2/2021";10,609467841
"25/2/2021";10,594758498
"26/2/2021";10,597462416
"27/2/2021";10,597697166
"28/2/2021";10,597938753
"1/3/2021";10,612778248
"2/3/2021";10,614442458
"3/3/2021";10,606471535
"4/3/2021";10,607203709
"5/3/2021";10,606289619
"6/3/2021";10,606542974
"7/3/2021";10,606796224
"8/3/2021";10,606112822
"9/3/2021";10,609861482
"10/3/2021";10,610650181
"11/3/2021";10,616187482
"12/3/2021";10,615016392
"13/3/2021";10,615275422
"14/3/2021";10,615540184
"15/3/2021";10,616197506
"16/3/2021";10,61469031
"17/3/2021";10,609487585
"18/3/2021";10,611255372
"19/3/2021";10,613209175
"20/3/2021";10,613464947
"21/3/2021";10,613728642
"22/3/2021";10,613570796
"23/3/2021";10,616637725
"24/3/2021";10,617373232
"25/3/2021";10,616978116
"26/3/2021";10,616185097
"27/3/2021";10,616449068
"28/3/2021";10,616713761
"29/3/2021";10,614821952
"30/3/2021";10,611717336
"31/3/2021";10,610578759
"1/4/2021";10,614834162
"2/4/2021";10,615098773
"3/4/2021";10,615361216
"4/4/2021";10,615623558
"5/4/2021";10,61585185
"6/4/2021";10,61255994
"7/4/2021";10,613610201
"8/4/2021";10,614568442
"9/4/2021";10,610225853
"10/4/2021";10,610501358
"11/4/2021";10,610777178
"12/4/2021";10,61113951
"13/4/2021";10,609553162
"14/4/2021";10,606386901
"15/4/2021";10,608896693
"16/4/2021";10,608764311
"17/4/2021";10,609040251
"18/4/2021";10,609317919
"19/4/2021";10,607644732
"20/4/2021";10,608352178
"21/4/2021";10,609780474
"22/4/2021";10,608299651
"23/4/2021";10,607436268
"24/4/2021";10,607740582
"25/4/2021";10,608044902
"26/4/2021";10,607083561
"27/4/2021";10,605500189
"28/4/2021";10,605198167
"29/4/2021";10,603366159
"30/4/2021";10,60422128
"1/5/2021";10,604544808
"2/5/2021";10,604868308
"3/5/2021";10,606418799
"4/5/2021";10,606690473
"5/5/2021";10,604336717
"6/5/2021";10,601823274
"7/5/2021";10,596056037
"8/5/2021";10,596376098
"9/5/2021";10,596695926
"10/5/2021";10,602667051
"11/5/2021";10,60101237
"12/5/2021";10,598461525
"13/5/2021";10,591840609
"14/5/2021";10,590111003
"15/5/2021";10,590432743
"16/5/2021";10,590754678
"17/5/2021";10,586585614
"18/5/2021";10,589257205
"19/5/2021";10,585935735
"20/5/2021";10,592849451
"21/5/2021";10,593542922
"22/5/2021";10,593863035
"23/5/2021";10,594183604
"24/5/2021";10,594525898
"25/5/2021";10,600507868
"26/5/2021";10,606179252
"27/5/2021";10,605672466
"28/5/2021";10,607015711
"29/5/2021";10,607329736
"30/5/2021";10,607643957
"31/5/2021";10,607901036
"1/6/2021";10,610396832
"2/6/2021";10,610982331
"3/6/2021";10,610911383
"4/6/2021";10,610107442
"5/6/2021";10,610261386
"6/6/2021";10,610415661
"7/6/2021";10,606230123
"8/6/2021";10,612781382
"9/6/2021";10,614416994
"10/6/2021";10,614540938
"11/6/2021";10,617990437
"12/6/2021";10,618334707
"13/6/2021";10,618679155
"14/6/2021";10,615891424
"15/6/2021";10,617489192
"16/6/2021";10,616889464
"17/6/2021";10,612358559
"18/6/2021";10,607603734
"19/6/2021";10,607736464
"20/6/2021";10,607869367
"21/6/2021";10,605511628
"22/6/2021";10,610428324
"23/6/2021";10,609169811
"24/6/2021";10,610252099
"25/6/2021";10,608948494
"26/6/2021";10,609283803
"27/6/2021";10,609621675
"28/6/2021";10,609662255
"29/6/2021";10,61145987
"30/6/2021";10,611968368
"1/7/2021";10,615664784
"2/7/2021";10,613660664
"3/7/2021";10,613988239
"4/7/2021";10,614323426
"5/7/2021";10,615194828
"6/7/2021";10,612737795
"7/7/2021";10,60951125
"8/7/2021";10,601607306
"9/7/2021";10,604990912
"10/7/2021";10,60532257
"11/7/2021";10,605654133
"12/7/2021";10,607317991
"13/7/2021";10,60919014
"14/7/2021";10,607733515
"15/7/2021";10,603720079
"16/7/2021";10,605535223
"17/7/2021";10,605867471
"18/7/2021";10,606199735
"19/7/2021";10,598656904
"20/7/2021";10,594979286
"21/7/2021";10,596500095
"22/7/2021";10,598681932
"23/7/2021";10,603630387
"24/7/2021";10,603960414
"25/7/2021";10,604290484
"26/7/2021";10,603645095
"27/7/2021";10,599901721
"28/7/2021";10,599173256
"29/7/2021";10,599187984
"30/7/2021";10,597556888
"31/7/2021";10,597889027
"1/8/2021";10,598138445
"2/8/2021";10,601369936
"3/8/2021";10,601300461
"4/8/2021";10,60169345
"5/8/2021";10,60235568
"6/8/2021";10,604506478
"7/8/2021";10,604844182
"8/8/2021";10,605181983
"9/8/2021";10,606135033
"10/8/2021";10,606484869
"11/8/2021";10,603594269
"12/8/2021";10,60478474
"13/8/2021";10,604325778
"14/8/2021";10,604663207
"15/8/2021";10,605000634
"16/8/2021";10,602828021
"17/8/2021";10,601408361
"18/8/2021";10,602668055
"19/8/2021";10,599026605
"20/8/2021";10,599917828
"21/8/2021";10,600254012
"22/8/2021";10,600590186
"23/8/2021";10,59948631
"24/8/2021";10,599416026
"25/8/2021";10,597579317
"26/8/2021";10,595464541
"27/8/2021";10,597455175
"28/8/2021";10,59779162
"29/8/2021";10,59812806
"30/8/2021";10,597908975
"31/8/2021";10,598370304
"1/9/2021";10,600705823